,0.3,0.5,0.7,1,2,3,5,7,10,12.58925412,15.84893192,19.95262315,25.11886432,31.6227766,39.81071706,50.11872336,63.09573445,79.43282347,100,125.8925412,158.4893192,199.5262315,251.1886432,316.227766,398.1071706,501.1872336,630.9573445,794.3282347,1000,1258.925412,1584.893192,1995.262315,2511.886432,3162.27766,3981.071706,5011.872336,6309.573445,7943.282347,10000,12589.25412,15848.93192,19952.62315,25118.86432,31622.7766,39810.71706,50118.72336,63095.73445,79432.82347,100000,125892.5412,158489.3192,199526.2315,251188.6432,316227.766,398107.1706,501187.2336,630957.3445,794328.2347,1000000
0.00243,196.98,120.792,90.8292,69.328,51.0237,45.92,42.63,42.84,42.336,1494.167427,1878.728218,2363.561307,2980.621601,3746.437502,4721.613147,5944.714802,7476.346604,9426.697892,23948,25568.69481,29039.44136,36258.94786,42107.21858,52029.21453,63345.07967,60489.2614,71712.95016,91958.44476,88517.14286,124264.2099,154893.111,161719.8135,154755.8876,214882.188,326533.1889,337098.3762,341755.1549,442245.5183,634468.5714,728691.5686,804381.9989,1122625.817,1008153.386,1464654.459,1697119.197,1669595.225,2054923.487,2601369.842,1940000,2615198.106,3396136.297,2602221.092,4732860.527,5155894.953,7857691.473,4710959.525,5984828.709,14170134.86,9179400
0.00323,261.702,160.4808,120.67308,92.1072,67.78863,61.008,56.637,56.916,56.2464,1980.740682,2490.533085,3133.2513,3951.256301,4966.458937,6259.198984,7880.601754,9911.007026,12496.48712,31795.45714,33947.23635,38555.34733,48140.55014,55905.2625,69078.49545,84102.49239,80310.92086,95212.31267,122092.0718,117523.4286,164983.9721,205649.8925,214713.349,205467.2862,285296.1729,433534.1594,447561.423,453744.6142,587164.9881,842377.1429,967474.9852,1067968.192,1490496.683,1338513.08,1944603.991,2253244.587,2216701.371,2728297.157,3453807.249,2574285.714,3472166.61,4509007.541,3454939.191,6283756.624,6845418.591,10432557.66,6254687.804,8054458.934,18813528.08,12187371.43
0.00429,348.936,213.9744,160.89744,122.8096,90.38484,81.344,75.516,75.888,74.9952,2641.705236,3321.613147,4178.803636,5269.77335,6623.744691,8347.866471,10510.3243,13218.26698,16666.51054,42361.05714,45227.88777,51367.23583,64137.6327,74482.55283,92033.28349,112049.7175,106998.2694,126851.2007,162663.1687,156576.2857,219808.0151,273987.1795,286062.1364,273743.9478,380100.3537,577596.6327,596286.5173,604523.5072,782279.179,1122297.143,1288966.3,1422853.349,1985787.758,1783300.033,2590794.476,3001996.232,2953309.776,3634908.558,4601505.164,3428571.429,4625975.336,6007333.865,4603013.119,8371830.398,9120189.473,13899286.28,8333111.263,11208254.15,25065140.93,16237228.57
0.00571,462.903,283.8612,213.44862,162.9208,119.905695,107.912,100.1805,100.674,99.4896,3509.355773,4412.574922,5551.303934,7000.595403,8799.269638,11089.66776,13962.3705,17559.71897,22140.51522,56264.74286,60072.51989,68226.93339,85188.82286,98929.10198,122240.3473,148826.501,142117.0153,168486.2504,216052.2231,207967.4286,291953.0732,363915.1966,379953.3713,363591.9723,504855.8214,767174.13,791998.6088,802939.6536,1039037.762,1490657.143,1712029.144,1889860.588,2637560.528,2368612.576,3441141.912,3987307.741,3922641.512,4827953.674,6111805.296,4571428.571,6144311.307,7979076.841,6113825.732,11119618.85,12113511.16,18461253.22,11068190.24,13934025.93,33292111.94,21566571.43
0.00758,617.673,378.7692,284.81442,217.3928,159.995745,143.992,133.6755,134.334,132.7536,4674.117414,5877.116659,7393.791926,9324.105902,11719.76343,14770.34891,18596.50697,23387.82201,29488.99297,74954.37143,80026.98471,90890.04531,113486.2273,131790.6644,162845.2488,198262.632,189324.3916,224452.8574,287819.077,277048.5714,388931.6937,484797.9267,506163.2575,484367.0603,672555.9233,1022009.355,1055080.257,1069654.191,1384177.817,1985811.429,2280718.622,2517620.661,3513686.36,3155401.112,4584195.388,5311782.739,5225635.839,6431668.202,8141980.77,6085714.286,8185245.196,10629516.36,8144660.709,14813311.96,16137373.95,24593696.09,14744785.23,18562584.79,44350976.57,28730571.43
0.0101,818.874,502.1496,377.58996,288.2064,212.11281,190.896,177.219,178.092,175.9968,6209.191442,7807.2798,9822.061684,12386.32954,15568.7691,19621.22812,24703.97333,31068.85246,39173.77049,99571.8,106310.4252,120741.3126,150758.7672,175074.95,216328.8397,263378.4916,251504.658,298170.2678,382347.9672,368040.2857,516669.4586,644020.9572,672403.7601,643449.134,893444.6318,1357669.435,1401602.381,1420962.035,1838785.348,2638017.143,3029780.034,3344488.436,4667694.074,4191736.369,6089793.088,7056343.386,6941903.101,8544034.904,10816069.11,8057142.857,10873554.5,14120583.23,10819623.36,19678477.13,21437351.31,32670949.35,19587399.48,24659074.92,58917140.8,38166285.71
0.0134,1083.39,664.356,499.5606,381.304,280.63035,252.56,234.465,235.62,232.848,8202.849998,10314.05549,12975.74723,16363.3549,20567.61799,25921.24797,32635.97031,41044.49649,51751.75644,131568.2571,140472.2903,159540.3707,199203.68,231333.5981,285844.0908,348012.6275,332323.3529,393984.5135,505211.8988,486306.5714,682696.1807,850970.9123,888473.886,850215.4243,1180544.207,1793944.847,1851993.362,1877574.8,2429660.983,3485720,4003371.161,4419208.166,6167613.571,5538711.471,8046690.154,9323832.281,9172618.428,11289580.16,14291711.09,10657142.86,14367683.96,18658087.16,14296396.42,26001900.03,28326056.96,43169490.43,25881595.16,32582997.79,77849613.85,50430857.14
0.0178,1449.21,888.684,668.2434,510.056,375.38865,337.84,313.635,315.18,311.472,10969.42802,13792.68051,17352.08193,21882.22919,27504.46553,34663.71611,43643.11515,54887.58782,69206.08899,175923.0857,187828.8404,213325.2431,266360.0271,309321.6589,382209.0614,465336.1253,444357.4061,526806.1899,675531.0277,650252.2857,912849.6851,1137853.662,1188000.037,1136843.196,1578534.017,2398725.374,2476344.92,2510550.862,3248758.399,4660837.143,5353003.693,5909029.271,8246863.942,7405943.789,10759422.87,12467120.37,12264927.77,15095568.08,19109788.74,14257142.86,19211381.45,24948165.97,19116038.02,34767809.53,37875503.04,57722923.66,34606978.51,43567604.6,104094445.7,67432285.71
0.0237,1913.52,1173.408,882.3408,673.472,495.6588,446.08,414.12,416.16,411.264,14513.23145,18248.56905,22957.87719,28951.5421,36390.10836,45862.23951,57742.53959,72619.67213,91563.93443,232731.0571,248481.365,282210.902,352371.3531,409205.9212,505629.48,615599.4513,587846.5282,696919.0475,893669.3831,860227.7143,1207621.312,1505282.334,1571621.266,1503945.351,2088264.263,3173307.71,3275990.21,3321242.273,4297827.389,6165885.714,7081561.65,7817135.644,10909888.91,9797424.184,14233787.4,16492923.95,16225440.61,19970133.64,25280601.78,18857142.86,25414970.16,33004268.62,25288866.51,45994793.58,50106018.47,76362528.9,45782021.86,57636150.64,137708147.1,89207142.86
0.0314,2546.67,1561.668,1174.2918,896.312,659.66355,593.68,551.145,553.86,547.344,19267.00909,24225.84845,30477.68031,38434.55722,48309.60981,60884.31707,76655.98381,96406.08899,121555.5035,308989.7429,329900.9366,374682.577,467832.4317,543289.8603,671308.5808,817312.1923,780465.4368,925277.7091,1186496.812,1142097.429,1603320.989,1998516.404,2086592.741,1996740.866,2772523.324,4213101.081,4349429.663,4409507.893,5706091.5,8186254.286,9401968.284,10378566.62,14484718.47,13007733.69,18897754.4,21897140.09,21542010.74,26513723.41,33564263.77,25028571.43,33742689.74,43818719.37,33575247.85,61065825.09,66524112.33,101384133.3,60783271.76,76521605.31,182830756.8,118437428.6
0.0418,3390.87,2079.348,1563.5598,1193.432,878.33655,790.48,733.845,737.46,728.784,25697.95737,32311.95967,40650.52991,51263.25567,64434.40638,81206.30334,102242.2419,128584.5433,162128.3372,412143.4571,440035.6522,499767.3486,624014.4866,724662.8111,895419.4229,1090165.289,1041017.666,1234174.246,1582599.136,1523377.143,2138576.863,2665704.83,2783184.754,2663336.675,3698107.539,5619610.304,5801452.887,5881586.459,7611023.945,10919171.43,12540739.66,13843367.58,19320324.42,17350260.37,25206617.24,29207322.29,28733636.22,35365115.27,44769421.33,33428571.43,45007410.34,58447283.52,44784118.38,81452223.58,88732697.98,135230408.8,81075340.49,102067806.3,243867165.3,157976857.1
0.0555,4502.4,2760.96,2076.096,1584.64,1166.256,1049.6,974.4,979.2,967.68,34090.26952,42864.24007,53925.97944,68004.55682,85477.07697,107726.2573,135632.0089,170577.0492,215075.4098,546706.1143,583704.9645,662938.7023,827751.9104,961261.3814,1187769.131,1446098.312,1380904.217,1637125.56,2099309.5,2020752,2836810.701,3536043.551,3691880.315,3532902.237,4905520.264,7454383.885,7695596.076,7801895.075,10095983.77,14484220,16635223.54,18363153,25628308.72,23015028.89,33436444.51,38743358.78,38115016.01,46911635.77,59386400.53,44285714.29,59702091.18,77529986.2,59405856.58,108045924.1,117703407.8,179382314,107546045.4,135392449.3,323488585,209555428.6
0.0738,5979.75,3666.9,2757.315,2104.6,1548.93375,1394,1294.125,1300.5,1285.2,45309.4431,56970.94431,71673.12349,90384.98789,113607.7482,143179.1768,180268.7651,226714.2857,285857.1429,726609.7429,775783.7558,881090.8411,1100138.82,1277581.999,1578626.297,1921963.458,1835316.15,2175851.609,2790125.441,2685717.143,3770315.395,4699643.072,4906760.494,4695467.868,6519771.755,9907384.916,10227972.27,10369250.09,13418251.56,19250517.14,22109349.08,24405884.19,34061770.49,30588545.23,44439317.05,51492566.9,50657460.16,62348768.29,78928579.72,58857142.86,79348161.59,103042645.8,78954467.47,143600384.6,156435888.1,238411370.4,142936021.6,179945789.6,429938554.4,278513428.6
0.098,7907.34,4848.936,3646.1436,2783.024,2048.2371,1843.36,1711.29,1719.72,1699.488,59913.09967,75333.21161,94774.04041,119516.9134,150224.5862,189327.1623,238371.0713,299786.4169,377991.5691,960838.0857,1025863.704,1165117.303,1454777.073,1689420.514,2087508.856,2541523.278,2426944.492,2877254.237,3689544.17,3551479.143,4985705.716,6214609.537,6488493.168,6209088.288,8621470.277,13101107.56,13525038.11,13711858.37,17743728.37,25456074.29,29236468.05,32273310.08,45041847.4,40448999.57,58764675.96,68091598.4,66987282.02,82447377.08,104371821.3,77714285.71,104926648.2,136259290.1,104406033.4,189891078.4,206864278.2,315265163.5,189012598.4,237952762.9,568532490.9,368294571.4
0.13,10552.5,6471,4865.85,3714,2733.4125,2460,2283.75,2295,2268,79864.75608,100419.9182,126334.7358,159317.231,200250.8633,252374.9851,317751.0023,399618.267,503866.5105,1280804.543,1367484.225,1553110.374,1939229.109,2252010.656,2782665.433,3387870.21,3235135.737,3835402.102,4918190.748,4734148.857,6645983.727,8284122.672,8649211.529,8276762.674,11492486.81,17463877.6,18028979.43,18278014.86,23652527.83,33933142.86,38972439.29,43020572.43,60041129.85,53918827.7,78333766.14,90766624.9,89294565.73,109902987.8,139128450.4,103714285.7,139868014.7,181634646.3,139174049,253126312.2,275751605.8,420250915.6,251955127.9,317192712.7,757858129.3,490939142.9
0.173,14070,8628,6487.8,4952,3644.55,3280,3045,3060,3024,106587.5315,134020.4581,168606.3827,212624.8323,267254.8724,336819.7436,424070.599,533330.6792,672460.4215,1709381.771,1825065.839,2072805.405,2588125.4,3005568.555,3713788.77,4521504.461,4317662.855,5118787.749,6563894.478,6318269.429,8869834.441,11056120.19,11543372.64,11046297.6,15338052.26,23307564.23,24061758.76,24394122.63,31567032.74,45287702.86,52013227.33,57415928.27,80131832.23,71960913.56,104545472,121138559.9,119173926.8,146678254.9,185682999.5,138571428.6,186670041.2,242412447.3,185743813.1,337826333.2,368022440.7,560873401.6,336263412.5,423330554.4,1011449461,655215428.6
0.23,18713.1,11475.24,8628.774,6586.16,4847.2515,4362.4,4049.85,4069.8,4021.92,141704.772,178175.9854,224156.8848,282678.0296,355306.9503,447791.2595,563788.5286,709046.37,894014.9883,2272538.971,2426335.181,2755692.846,3440785.452,3995755.455,4937299.13,6011117.688,5740120.057,6805176.268,8726374.16,8399828,11792007.48,14698567.37,15346345.61,14685508.61,20391184.93,30986258.76,31988923.27,32430787.79,41966817.47,60207771.43,69149021.52,76331650.09,106531328.6,95668487.45,138988060.5,161047752,158435867.1,195001513.6,246856414.5,184000000,248168619,322275441.6,246937310.7,449123499.5,489267689.9,745653593.8,447045695.5,562797185.4,1344672425,871076857.1
0.306,24763.2,15185.28,11418.528,8715.52,6414.408,5772.8,5359.2,5385.6,5322.24,187694.5564,236002.3737,296906.212,374420.1881,470620.5692,593120.335,746764.1091,939164.8712,1184164.403,3010083.886,3213794.171,3650043.511,4557480.654,5292564.46,6539683.253,7962005.895,7603056.622,9013773.283,11558489.82,11125964,15619064.44,19468936.83,20326951.25,19451640.87,27009075.84,41042747.32,42370821.53,42956087.97,55587005.35,79748000,91591107.07,101104834,141105708.1,126717381.6,184096165.4,213315255.8,209855696.9,258288607.9,326972826.2,243714285.7,328710925.2,426868792.2,327079928.4,594884967.7,648057938.9,987653047.3,592132812.7,745451043.9,1781080896,1153781429
0.406,32923.8,20189.52,15181.452,11587.68,8528.247,7675.2,7125.3,7160.4,7076.16,249228.8493,313374.0325,394244.7505,497171.119,624910.0941,787570.5156,991585.2816,1247063.232,1572384.075,3996898.829,4267392.676,4846660.638,6051588.862,7027659.709,8683629.176,10572241.76,10095615.8,11968816.41,15347784.11,14773460,20739561.86,25851562.82,26990864.83,25828597.81,35863634.89,54498050.84,56261519.94,57038657.02,73810448.83,105892297.1,121618004.9,134250670.8,187365296.9,168259941.6,244449586.4,283247754.2,278654018.8,342964998.3,434166416.7,322857142.9,436474328,566811962.8,434308687.8,789909911.4,860514931.1,1311441685,786255516.1,989837047.9,2364984546,1532033429
0.54,43898.4,26919.36,20241.936,15450.24,11370.996,10233.6,9500.4,9547.2,9434.88,332508.2301,418087.4132,525980.9391,663299.9722,833722.7008,1050735.816,1322921.756,1663767.213,2097793.443,5332483.314,5693364.075,6466197.466,8073758.535,9375988.546,11585308.53,14105010.29,13469117.96,15968257.95,20476324.94,19710087.43,27669794.04,34489996.26,36010002.12,34459357.05,47847653.48,72708855.98,75061597.05,76098418.59,98474594.22,141276751.4,162257285.2,179111231.3,249974375.4,224484877.1,326133672.8,377896454.6,371767717.8,457568533.5,579245387,431428571.4,582324468.5,756215076.3,579435174.4,1053862382,1148060387,1749666685,1048986456,1320595704,3155254899,2043968857
0.718,58249.8,35719.92,26859.492,20501.28,15088.437,13579.2,12606.3,12668.4,12519.36,441270.2703,554842.0434,698027.0869,880262.5968,1106429.881,1394427.071,1755643.885,2207978.454,2783972.834,7076733.314,7555658.484,8581284.114,10714676.8,12442865.13,15374852.54,18718744.77,17874853.4,21191459.35,27174111.35,26157238.29,36720556.56,45771641.31,47788837.11,45730978.04,63498573.36,96491851.17,99614169.67,100990137.3,130685538.7,187488245.7,215331495.4,237698342.4,331740756.8,297913654.4,432811689.6,501506016.4,493372564.2,607238765.6,768715953.3,574285714.3,772802255.5,1003572345,768967876.6,1398579753,1523589804,2321981004,1392109833,1752562442,4187338511,2712552000
0.954,77666.4,47626.56,35812.656,27335.04,20117.916,18105.6,16808.4,16891.2,16692.48,587952.7297,739276.8467,930057.9685,1172870.305,1474217.759,1857947.97,2339236.709,2941931.616,3709392.037,7325176.286,8110107.973,8648601.275,10921924.57,12703553.35,15670021.01,19965694.04,21791253.77,21456911.07,29283302.52,30987276.86,40729267.82,50105903.39,53139475.11,55203000.34,79493889.67,107633036.2,120374081.3,117851816,162276812.1,209902894.3,260434880.5,248021205.3,377340021.4,341303181.5,486860373.7,588342043.6,519390875.2,700085671.9,917031894,665714285.7,881092932.2,1048569274,1115622069,1345800139,1764945948,2260704689,1323707226,1666448663,3878968488,3381844000
1.27,103095.3924,63479.2158,47821.5738,37474.55712,27614.02644,24821.5968,24036.012,24504.48,24518.8944,774944.1555,975660.2402,1228129.527,1546121.306,1945224.823,2450399.27,3084924.036,3878148.753,4889103.592,6155235.543,7434137.187,6766271.074,8815786.038,10297376.06,12643456.38,18039965.62,25354299.84,17005125.28,27080271.71,34415515.43,40048402.48,47944141.05,52518208.16,63233227.1,96278917.96,107047596.8,138118408,127547113.9,194188980.3,210285111.4,299243131.1,212644563.6,389786446,357316190.8,492311068.5,642637047.2,455062849.7,741456954.1,1030405233,711428571.4,914180908.8,902008540.5,1622019812,912670537.9,1885394393,1593828315,861136898.3,1084107123,2284214982,4071132857
1.68,143188.045,88165.5775,66418.8525,52047.996,38352.8145,34474.44,33383.35,34034,34054.02,1031657.533,1298864.218,1634968.234,2058300.176,2589613.491,3262135.532,4106857.374,5385698.225,6704263.574,8194261.571,9896821.309,9007713.168,11736164.93,13708556.03,16831815.83,24016009.29,33753341.51,22638361.47,36051071.03,45816237.43,53315113.01,63826450.08,69915754.02,84180307.36,128172943.9,142508936.2,183872469.4,169799259.3,258517377,279945617.1,398372493.1,283086679.9,518909839.9,475683240.2,655397453.6,855521481.5,605810153.1,987077159.5,1371744511,948571428.6,1217018939,1200814250,2159341270,1215008150,2509963115,2121810898,1146403078,1443235965,3040900002,5419764571
2.24,171825.654,105798.693,79702.623,62457.5952,46023.3774,41369.328,40060.02,40840.8,40864.824,1191674.132,1687347.066,2088044.761,3135914.379,3882985.913,6396978.998,6462873.925,7322360.219,9054962.742,9228702.314,11074779.3,15196306.78,15935389.86,24526010.82,26227020.03,29870794.79,34308995.8,47298670.44,50888008.28,49577189.43,68306419.34,80881100.89,86580699.7,135415726.4,151847136.8,204695558.1,252853445.3,273610659.6,314215279.6,346030180,476256957.8,409802044.6,644785978,806945002.1,888919628.2,1096266418,903541661.6,1258440238,1716995455,1014285714,1576236360,1519779982,1761024777,2763390709,2928916748,2820420054,3800827994,4784958941,2643570891,12093825714
2.98,317506.434,155241.8784,118132.2216,92638.45056,69029.79552,62017.1904,60524.856,62107.392,62487.3312,1766227.42,2233112.36,2829535.766,4101006.22,5199662.537,7867388.6,8544121.777,10689302.92,12209631.2,12776859.46,13557092.15,19587400.98,22709319.91,28950672.72,34071570.9,38422880.91,49394202.97,64727045.09,72589506.55,70462301.43,98062647.34,104166972.7,125426255.9,173007920.4,225634354,254517575.1,311769712.6,379246888.5,425695871.4,479113365.7,561737802.6,583402777.5,810236195,1007253693,1145744718,1442737982,1243356470,1888835977,2372105889,1677142857,2308551719,2866561717,2918699906,3155728710,3293994114,4509983589,4592828834,5782028923,6796419897,14221624857
3.96,293858.985,178398.28,137472.0585,106734.17,81505.221,73162.86,72681.975,75669.72,77053.41,2428642.253,3071920.786,3434086.195,4890973.72,6407798.701,9128779.631,11871348.89,14652287.83,15595206.45,17505398.29,19016718.85,26928137.39,33234051.9,36815857.03,42627975.08,45884268.96,68503580.91,80485625.94,94830037.16,90863044,132373549.8,155795052,178676457.7,203107551.9,294575462.9,319394111.6,384655022.6,501231325,550270381.6,604770271.4,735915146.7,808952022.6,1142495079,1243575066,1330984878,1792576065,1695146617,2378555583,2729912168,2554285714,2784694138,4236928157,4455212981,4077655047,3980871270,5188905322,7100817867,8939400044,10612647121,14559846857
5.26,444830.085,270613.625,208666.8165,162773.478,125682.774,112752.46,114243.325,120802.68,125831.79,2881596.221,3867232.68,4555520.174,6030939.222,8342976.546,10250197.95,16041687.92,17981232.74,20868047.22,22699619,26247034.03,30558824.91,38300067.09,49620876.48,52941528.47,59394097.91,80876831.87,101692641.1,122936573.6,135306202.6,168267290.6,215586052.4,231279508.8,305243475.8,326075423,408066998,492660566.2,579202858.4,746831835.8,858044408.6,930217738,1135205253,1585437457,1521590186,1607239047,2183819901,2501223641,2564539448,3273319043,4657142857,3739260007,5042228553,5910219875,5912378162,6052061131,6971229306,7271212792,9153914545,14163856489,16263624286
6.98,594190.17,361477.25,278730.633,224065.62,174773.928,159955.76,166210.6,179141.92,184974.3,3562144.785,4991784.197,6621457.5,7710312.827,10217044.02,13339539.7,19558464.83,23431413.72,26589358.44,28939091.71,31862380.55,46239590.36,47405763.04,66637865.69,78247844.77,86362008.39,109117419.4,125611135.3,154259532.7,148585763.4,215344998,259725974.3,295840105.3,374829445.3,464043075.6,507099811.4,600537342,773301090.3,866317243.1,1108155951,1182280143,1507057394,2001265454,1951689472,2271657255,2898043120,3686734304,3493247471,4529293681,4514285714,4166668742,6767014242,7056832757,8348492103,9147236976,11791389453,10995121147,13842037397,16300069284,23828876286
9.28,874577.13,543564,428053.248,339432.364,275058.861,249624.4,267478.6,294746,313718.58,4743399.091,6190668.193,7036690.157,9901901.271,12416231.95,16461888.9,22684584.95,29507378.47,35354386.46,41038133.77,44024528.23,61695686.52,60731216,84618267.31,94538389.01,114125213.2,139234492.5,161343015.9,219482502.9,211751589.1,282067029.1,348466361.8,400038357.9,468041034.4,620852846.1,635267941.2,753781227,908959419.6,1080617657,1405718094,1799806923,1959914461,2299905717,2257872647,2847657850,3635010538,4338063399,5035169076,6166892440,6885714286,6222528630,8913141884,9833230271,9177834971,12049615980,15812371293,13313244418,16760381686,24231982301,22577053143
12.3,1004222.8,711666.2,559956.12,460139.84,385088.76,364408,415918,467024,509040,5823845.265,8366334.752,10069717.99,12813756.33,16659882.98,21146503.76,28389585.37,38104558.5,45123919.18,52292956.63,58526289.25,76016048.5,84593409.91,111757259.2,122808847.6,133405031.6,174765247.9,207040806,251318348.7,328629802,350006660.9,434729134.6,535386336,599125822.1,753652051.4,833647845.2,1104691708,1247477313,1479849298,1894200509,2221286672,2535638976,3000597046,3339042648,3931185282,4797784465,5905738846,7114819696,8736299204,8285714286,8928892466,13084107919,13184028742,17932077041,15667693951,20581555409,20036787294,25224820657,32970238107,39527907143
16.4,1255278.5,889582.75,699945.15,575174.8,481360.95,455510,519897.5,583780,636300,7838290.991,10146481.07,12799316.51,16590131.54,22216345.59,27010944.64,36589109.52,48722740.44,57212536.91,67988480.77,82920808.23,92938562.27,117152726.4,144010934.1,178902512.4,187944266.3,236438138.8,284711133.5,336104536.1,422594146,505240846.8,583786365.9,723091158.2,823099166.8,951826574.9,1143438860,1410533209,1618435095,2034822644,2379622657,2966153085,3508457989,4257747783,4703019157,5468678113,6690421222,8400010971,9566807011,11309573673,12485714286,12357527091,17694414949,19296960711,22480708353,24381039056,28836738238,27561170235,34697457536,52150522961,64207090857
21.799999,1407000,799599.9,670823.775,575744.28,510180.93,497412,615699,687480,828009,9537009.308,13039096.51,16739821.11,22273564.23,27681899.1,34427554.33,45795404.17,61350463.98,74028739.17,89387326.31,107336174.3,132390738.1,152613471.4,180653582.9,227260513.3,264941303.2,326948721.1,385879470.4,461222816.2,556295220.9,665828912.2,787737987.2,906423897.7,1139061134,1335513214,1604139539,1956944886,2321995357,2727168429,3291838586,4086432733,4717726997,5887919906,6944273118,8151370668,9765267037,11698578184,13663038037,16720451294,16857142857,20056100143,25042451080,27512923942,33295238213,41046055931,46803180305,52249680446,65778450373,88226150537,1.10973E+11
29,1560564.67,1352597.18,1160263.407,1016749.592,926295.09,915651.36,1155702.2,1293060.8,1593081,11390711.1,16550705.99,22448908.66,27767542.49,34819640.21,44366379.63,56170785.31,73363476.6,93377602.65,113519097.1,135716162.7,165869632.1,205392981.4,252961289,292794158.1,372188991.6,428087669.6,522359375.9,629082750.6,768934824,895472307.2,1114228448,1331246373,1592705878,1930040202,2384841453,2707341159,3384365676,4123654115,5033011480,6101552974,7040985623,9010129084,10345610589,13024888795,15337803515,18329908365,22133724797,27011990340,28000000000,35379296143,43589856268,48242400323,59679155407,68729477449,93013106878,99161159959,1.24837E+11,1.52276E+11,1.92551E+11
38.5,1405414.78,1430382.195,1286816.793,1175686.508,1135361.43,1158981.44,1522397.05,1734979.2,2168712,14493084.51,20103158.19,26900733.89,34358958.79,42959968.05,55409514.68,71195660.13,88385259.88,111971343.6,140011635.3,172580220.1,212399830.7,263753370.8,318525351.9,369489464.2,477499265.2,549241134.3,690184171.8,844154109.8,1052095598,1227912114,1509364292,1858440830,2269645803,2717597107,3325324192,4141088927,5019091053,6229605603,7599292923,9020129594,11402884234,14126605260,17062982659,20969935885,25928048176,31171462559,38662000485,46214792316,49714285714,63020484983,78895162929,92370493508,1.16661E+11,1.36727E+11,1.70299E+11,1.92731E+11,2.42634E+11,3.1198E+11,3.84134E+11
51.099998,1188399.1,1658031.975,1539451.725,1493337.5,1515628.17,1595916.8,2167989.25,2481456,3193092,16632464.01,23739126.76,33412248.81,42193516.52,52780146.99,68048314.67,85543113.81,106523427.8,133689830.6,161568214.6,207297620.6,249500732.2,311758453.1,373296934.4,460906773.7,577535469.4,681735335.3,866974349.2,1061939779,1318633287,1554224246,1926372880,2414367962,3006050379,3678840488,4599998563,5698163768,7037761535,8859021287,10942692597,13485134047,17197342981,20948142572,26215102219,32447670291,40852978533,51346680683,63460489138,78827694842,88571428571,1.12913E+11,1.42625E+11,1.72599E+11,2.17591E+11,2.62593E+11,3.33253E+11,3.9211E+11,4.93637E+11,6.24991E+11,8.05195E+11
68,619047.17,1606246,1706940.18,1734883.68,1897950.81,2098429.2,2930218,3590808,4478418,16875095.62,25997587.19,36894311.13,49159461.96,62611541.44,80959992.29,99807610,123832893.6,154324540.1,190166481.4,241190747.9,283523996.2,353706897.9,431584385.1,534474692.7,648258050,781499375.4,970252534.2,1206469129,1503856032,1813677647,2258703946,2843735166,3557371675,4338268131,5384081107,6713474094,8454796090,10683089562,13429461291,16420459192,21138768171,26129301094,33467145896,41676528221,53054911904,67325338421,84426072034,1.06893E+11,1.29714E+11,1.58655E+11,2.05455E+11,2.58481E+11,3.24037E+11,4.02852E+11,5.05673E+11,6.31542E+11,7.95064E+11,1.01835E+12,1.30958E+12
90.300003,469000,1335380.725,1620681.93,1776567.14,2149499.52,2453653.2,3527125,4429384,5578461,18135137.34,25745502.93,38419977.57,54674712.67,70904890.87,90609223.1,114042517.4,142882694.3,174915564.3,211147096.3,267195343.8,322886282.4,386760014.5,476445249.1,612743672.8,743165715.8,884903272.4,1079053776,1365452387,1679765779,2084543603,2519355649,3224624640,3975126655,4889822026,6108599845,7590586676,9440976468,11973896950,14758763303,18222993156,23100536821,29049796488,37062138470,45654951379,58332355348,73401607932,92556328287,1.16813E+11,1.44857E+11,1.7899E+11,2.2915E+11,2.94358E+11,3.54745E+11,4.48265E+11,5.60636E+11,7.269E+11,9.15113E+11,1.17071E+12,1.45419E+12
120,196980,983171.385,1534925.01,1907918.94,2556175.23,3063224.8,4439914.5,5691328,7266105,16606157.19,23378527.33,35063411.05,54335763.95,79052199.93,99801049.39,122371077.6,153325074.5,191771302.2,230831037.4,290952717,351766718.1,433561577.7,527581835.1,682343403.5,831111762.2,1026937592,1238849378,1586758312,1946599658,2479925023,2972645822,3756500447,4704463559,5763150229,7318821408,9114418707,11517105078,14288186082,17724998231,22067435096,27612790916,35059064887,44428998120,54962105030,68936540012,88175999281,1.08445E+11,1.36179E+11,1.62571E+11,2.09634E+11,2.65844E+11,3.35597E+11,4.13919E+11,4.97959E+11,6.28407E+11,8.04979E+11,1.01341E+12,1.28067E+12,1.59736E+12
160,84420,464053.385,1223814.357,1776183.36,2777427.45,3563342.8,5097286.5,6732244.8,8781318,12811586.8,18931978.48,29248487.91,44366756.51,73798829.65,103554479.2,126397865.5,152275249.4,192942159.4,237798266.6,299173179.7,370222404.8,468015124.7,575732833.3,735930783.8,927196868.3,1145630955,1403160117,1752929346,2210453846,2808792554,3456508631,4342419019,5491534055,6833073021,8630832882,10807742683,14019682671,17129433291,21613464954,27161650007,34020926340,43231833696,55262758735,69798644512,87574193444,1.12127E+11,1.38717E+11,1.73295E+11,2.09714E+11,2.76272E+11,3.41597E+11,4.36054E+11,5.55378E+11,6.59953E+11,8.47775E+11,1.06108E+12,1.33582E+12,1.7289E+12,2.16952E+12
212,56280,170724.393,598369.794,1209070.416,2233679.28,3109062.8,4422152,5829109.6,7945106.4,9555541.572,13841648.89,22202207.52,32124914.9,52345609.85,90498856.07,121178938,143294861.7,178386639.5,226595125.2,291738182.4,369928914.7,466997646.2,591213350.6,742635252.4,949943894.8,1176564708,1499977344,1859287077,2352193714,2970134238,3744781279,4781079764,6005656727,7609781013,9672674237,12192572523,15753022238,19662046519,25087705526,31750595109,39637598416,50925304052,64721837516,83046649859,1.04221E+11,1.33282E+11,1.66968E+11,2.10074E+11,2.63143E+11,3.40889E+11,4.10605E+11,5.33331E+11,6.76695E+11,8.53433E+11,1.06037E+12,1.37853E+12,1.73907E+12,2.22924E+12,2.80547E+12
282,29518.9538,111463.694,249774.6969,718782.8,1742500.473,2619391.6,3729545,4922533.6,6991450.2,5468767.765,8463220.636,13425556.54,20091612.4,30022651.36,53678305.73,88618501.13,123873823.1,152889662.6,193237613.3,250961798.1,329456758,423152382.8,543845639.1,681767460.8,888303123.6,1118671812,1454095686,1815377567,2330133100,2951936681,3772645637,4896156773,6161435727,7925276959,10173225131,12898545141,16550976437,21271598990,27247300646,34548658072,44007080343,55566264041,71744387767,92956397459,1.17007E+11,1.48563E+11,1.89998E+11,2.4312E+11,3.05714E+11,3.8088E+11,4.61743E+11,6.0749E+11,7.66063E+11,1.00868E+12,1.23727E+12,1.62748E+12,2.03625E+12,2.53819E+12,3.25119E+12
374,15551.6648,63515.70505,129262.3374,302980.692,1112561.499,1860019.12,2624529,3529091.2,5154748.2,2616942.706,4469993.376,6804947.834,10130862.94,15877431.14,24319602.08,39077653.09,68357505.13,106856904.8,148140752.5,186408101.1,248197916.5,328989778.6,424211871.5,550383290.5,714987910.4,939029322,1230765571,1536071392,1985710421,2554877994,3297605708,4275182470,5537851854,7175131424,9247241100,11904971987,15228246234,19907603629,25684345240,32549343118,42929562405,52655307133,70363515424,90004032485,1.16339E+11,1.46846E+11,1.94585E+11,2.50804E+11,3.02857E+11,3.74089E+11,4.65007E+11,6.22477E+11,7.80838E+11,1.02298E+12,1.31942E+12,1.66431E+12,2.07721E+12,2.60456E+12,3.32316E+12
498,6012.93175,27008.2284,56450.76066,111876.5744,503936.2272,980664.24,1368802.9,1937279.2,2931311.88,1370026.703,2166158.152,3026919.308,4812312.31,7218160.887,10648563.86,15495824.81,23849160.58,39805202.75,69950982.54,107398061.7,154902126.8,215297179.1,271182308.7,356056315.6,472157280.9,662939470.8,884547902.2,1142783732,1444991965,1843609523,2406836821,3106257528,4063348909,5272774675,6787201159,8927112264,11490447061,15059462293,19331831077,24392300519,33150736641,40150910254,54710605850,70030465927,91061849688,1.17062E+11,1.56337E+11,2.00196E+11,2.40286E+11,3.06361E+11,3.93853E+11,5.16055E+11,6.58147E+11,8.69163E+11,1.12861E+12,1.4109E+12,1.75819E+12,2.23397E+12,2.78697E+12
661,1600.310075,8075.243585,18393.5028,39205.15732,179179.9086,387025.568,561613.71,850048.96,1430619.12,604378.1756,839194.7222,1472748.625,2407849.126,3718552.262,5127065.362,7652432.391,10986099.11,15559784.1,23462445.14,34256038.71,58639847.61,91011742.72,131898998.9,186506199.9,253568079.8,377528433,561387550.7,766736729.6,984602028.3,1223609632,1513895812,1925819942,2520920243,3229848250,4098176704,5456612865,6996834746,9014531076,11437833894,14275582384,18931922385,23898751032,32005239793,40764284286,52645614079,69480764008,91226843670,1.16032E+11,1.50286E+11,1.99099E+11,2.65819E+11,3.29433E+11,4.36827E+11,5.66391E+11,7.30299E+11,9.61182E+11,1.21186E+12,1.48946E+12,1.83128E+12
879,235.6722655,1736.254501,4151.879406,8949.0687,42389.98533,96192.6912,157133.455,262432.536,508306.554,243936.4883,407991.3814,786642.1149,1452000.617,2083833.089,3232748.176,4914312.934,7394985.1,10606158.61,14679587,19683955.47,28941651.84,40884651.41,62264264.34,81524912.25,127639318.8,206904439.1,327856210.3,567752277.2,837159105.4,1047505906,1186578106,1412563850,1756845494,2257814480,2809293077,3597298461,4540400885,5730384465,7114870017,8618999063,10954818304,14316304284,18118011016,22921614522,28921247247,37924586009,48941877598,61857674428,86000000000,1.12562E+11,1.55247E+11,1.85478E+11,2.50856E+11,3.15697E+11,4.03153E+11,5.47356E+11,6.71054E+11,7.55054E+11,1.06391E+12